{"minPressure":768.09247,"maxPressure":1328.9895,"minDemand":-2.4667628,"maxDemand":1.5055733,"minFlow":-2.9505372,"maxFlow":2.950542,"minVolume":0.0,"maxVolume":222234.73}